{
  "comprehensive_nav_scan.py": 1775960328.5065854,
  "detailed_nav_report.py": 1775960334.1274624,
  "get_nav_patterns.py": 1775960310.614797,
  "public\\js\\832338.js": 1774082750.302834,
  "public\\js\\854172.js": 1774344941.1318672,
  "public\\js\\site.js": 1775938559.3694582,
  "scripts\\add_skip_link_css.py": 1775941444.398577,
  "scripts\\audit_css.py": 1775941459.197361,
  "scripts\\clean_css.py": 1775936841.4169917,
  "scripts\\fix_shadows.py": 1775936497.6911335,
  "scripts\\generate_css_supplement.py": 1775936401.765091,
  "scripts\\optimize_classes.py": 1775940637.0734074,
  "scripts\\optimize_page_specific.py": 1775940780.3101351,
  "scripts\\test_and_delete.py": 1775938205.678385,
  "scripts\\verify_classes.py": 1775937456.0836296,
  "CLAUDE.md": 1775929329.777322,
  "graphify-out\\GRAPH_REPORT.md": 1775964689.750995,
  "public\\images\\about\\about-page-block-1.webp": 1775939758.6150756,
  "public\\images\\about\\about-page-block-2.webp": 1775939739.273559,
  "public\\images\\about\\Gabriel-Dalton.webp": 1774082750.1191607,
  "public\\images\\about\\Gabriel_Dalton_TEDx_Talk.webp": 1775940782.3974342,
  "public\\images\\blog\\blog-ai-network-visualization.webp": 1775940783.7535021,
  "public\\images\\blog\\blog-assistive-technology.webp": 1775940784.8596878,
  "public\\images\\blog\\blog-data-center-hardware.webp": 1775940786.109176,
  "public\\images\\blog\\blog-minimal-website-design.webp": 1775940787.4054687,
  "public\\images\\blog\\blog-nonprofit-team-review.webp": 1775940788.3113756,
  "public\\images\\blog\\blog-reforestation-saplings.webp": 1775940789.0465746,
  "public\\images\\case-studies\\mittler-senior-tech-after-redesign.webp": 1775940751.4593806,
  "public\\images\\case-studies\\mittler-senior-tech-before-redesign.webp": 1775940756.5797207,
  "public\\images\\favicon\\android-chrome-192x192.png": 1774343044.9414568,
  "public\\images\\favicon\\android-chrome-512x512.png": 1774343058.1562433,
  "public\\images\\favicon\\apple-touch-icon.png": 1774343062.471805,
  "public\\images\\favicon\\favicon-16x16.png": 1774343062.5596778,
  "public\\images\\favicon\\favicon-32x32.png": 1774343062.9300084,
  "public\\images\\initiatives\\Impact_Dashboard_Mockup.webp": 1775940777.3043523,
  "public\\images\\initiatives\\mangrove-tree.webp": 1775942493.6212611,
  "public\\images\\initiatives\\Sustainable-Technology-Week.webp": 1775940774.086446,
  "public\\images\\initiatives\\tree-nation-partnership.webp": 1774082750.2383838,
  "public\\images\\logo\\oasis-of-change-icon.svg": 1774756111.7531128,
  "public\\images\\logo\\Oasis_of_Change-official.svg": 1774756735.612152,
  "public\\images\\partners\\stanley-park-ecology-society-logo.webp": 1775940145.7917035,
  "public\\images\\partners\\sustainable-www-logo.webp": 1775940145.751127,
  "public\\images\\partners\\WESN-Colour-Logo-scaled.webp": 1775940145.806613
}